{
  "model_summary": {
    "order": [
      3,
      1,
      3
    ],
    "aic": -2746.5206122389754,
    "bic": -2713.069117955179,
    "hqic": -2733.727442097332,
    "log_likelihood": 1380.2603061194877,
    "params": {
      "ar.L1": -0.864010751311435,
      "ar.L2": 0.8785588106167985,
      "ar.L3": 0.9754992388657262,
      "ma.L1": 0.8647010315809984,
      "ma.L2": -0.8886492608973101,
      "ma.L3": -0.9703400397657276,
      "sigma2": 0.002534150400494113
    },
    "pvalues": {
      "ar.L1": 3.0784810248220654e-39,
      "ar.L2": 2.5448682103719896e-17,
      "ar.L3": 1.2410867054492076e-55,
      "ma.L1": 3.1074186096738366e-36,
      "ma.L2": 3.6599289325977356e-19,
      "ma.L3": 8.345519748976468e-48,
      "sigma2": 0.0
    },
    "training_samples": 880,
    "residual_std": 0.19881382429233882
  },
  "evaluation": {
    "mse": 0.00031045329057805514,
    "rmse": 0.017619684746840822,
    "mae": 0.016317098085818316,
    "mape": 0.31084290331144543,
    "forecast_accuracy": 0.9968915709668855,
    "directional_accuracy": 0.75
  },
  "forecast": {
    "predictions": [
      5.523463383850796,
      5.5234485742128925,
      5.523449251403049,
      5.523449220437639,
      5.523449221853573
    ],
    "conf_int_lower": [
      5.439176681074551,
      5.406942571810721,
      5.381775577025661,
      5.360452556944865,
      5.341612883326336
    ],
    "conf_int_upper": [
      5.607750086627041,
      5.639954576615064,
      5.6651229257804365,
      5.686445883930413,
      5.70528556038081
    ],
    "confidence_level": 0.95,
    "steps": 5
  },
  "success": true
}