{
  "model_summary_str": "{'order': (3, 1, 5), 'aic': np.float64(-4237.070970470299), 'bic': np.float64(-4194.061906391132), 'hqic': np.float64(-4220.622608859615), 'log_likelihood': np.float64(2127.5354852351493), 'params': {'ar.L1': -0.975004386449118, 'ar.L2': 0.43637536955934186, 'ar.L3': 0.6918854889009379, 'ma.L1': 0.8565676470589549, 'ma.L2': -0.5477475506754559, 'ma.L3': -0.6470757868618343, 'ma.L4': 0.07391986452692938, 'ma.L5': 0.06654262827355456, 'sigma2': 0.0004624092674331299}, 'pvalues': {'ar.L1': 0.009659838227870341, 'ar.L2': 0.5064237888643496, 'ar.L3': 0.04271923791710312, 'ma.L1': 0.022709277749109393, 'ma.L2': 0.3733769252180088, 'ma.L3': 0.021840534084898385, 'ma.L4': 0.09015529382932437, 'ma.L5': 0.02533644146915834, 'sigma2': 1.6287852038646164e-192}, 'training_samples': 880, 'residual_std': np.float64(0.14823294689021163), 'parameter_significance': {'significant_count': np.int64(5), 'total_params': 8, 'significance_ratio': np.float64(0.625), 'pvalues': {'ar.L1': 0.009659838227870341, 'ar.L2': 0.5064237888643496, 'ar.L3': 0.04271923791710312, 'ma.L1': 0.022709277749109393, 'ma.L2': 0.3733769252180088, 'ma.L3': 0.021840534084898385, 'ma.L4': 0.09015529382932437, 'ma.L5': 0.02533644146915834}}, 'model_quality': {'quality_score': np.float64(85.0), 'quality_category': 'Excellent', 'recommendations': []}}",
  "evaluation": {
    "mse": 0.00028394088429012566,
    "rmse": 0.01685054551906631,
    "mae": 0.015194352781780118,
    "mape": 0.28948192197894435,
    "forecast_accuracy": 0.9971051807802106,
    "directional_accuracy": 0.5,
    "forecast_horizon": 5,
    "test_samples": 5
  },
  "forecast": {
    "predictions": [
      5.524219816533398,
      5.5230504770984155,
      5.523041356642251,
      5.522631402797553,
      5.522518403690589
    ],
    "conf_int_lower": [
      5.485596348879267,
      5.469981512978968,
      5.458703467333047,
      5.448864038493135,
      5.439975349003668
    ],
    "conf_int_upper": [
      5.562843284187529,
      5.5761194412178625,
      5.587379245951455,
      5.596398767101971,
      5.60506145837751
    ],
    "confidence_level": 0.95,
    "steps": 5
  },
  "success": true,
  "params": null
}