{
  "model_summary": {
    "order": [
      0,
      1,
      0
    ],
    "aic": -1494.7059731710704,
    "bic": -1489.9271882733851,
    "hqic": -1492.87837743655,
    "log_likelihood": 748.3529865855352,
    "params": {
      "sigma2": 0.010666111897615179
    },
    "pvalues": {
      "sigma2": 0.0
    },
    "training_samples": 880,
    "residual_std": 0.27470117376945224
  },
  "evaluation": {
    "mse": 0.00017791945832082497,
    "rmse": 0.013338645295562251,
    "mae": 0.009247557439810095,
    "mape": 0.19063000605725397,
    "forecast_accuracy": 0.9980936999394274,
    "directional_accuracy": 0.5
  },
  "forecast": {
    "predictions": [
      5.3908509679509695,
      5.3908509679509695,
      5.3908509679509695,
      5.3908509679509695,
      5.3908509679509695
    ],
    "conf_int_lower": [
      5.220459482705648,
      5.149881018537569,
      5.0957242582202396,
      5.050067997319108,
      5.009844023986865
    ],
    "conf_int_upper": [
      5.561242453196291,
      5.63182091736437,
      5.6859776776816995,
      5.731633938582831,
      5.771857911915074
    ],
    "confidence_level": 0.95,
    "steps": 5
  },
  "success": true
}