{
  "model_summary": {
    "order": [
      4,
      1,
      4
    ],
    "aic": -5157.16947168882,
    "bic": -5114.160407609653,
    "hqic": -5140.721110078136,
    "log_likelihood": 2587.58473584441,
    "params": {
      "ar.L1": -0.5391035639348062,
      "ar.L2": 0.23739778427791985,
      "ar.L3": -0.6274355110447488,
      "ar.L4": -0.835016311479523,
      "ma.L1": 0.4409350106014799,
      "ma.L2": -0.1948088733277987,
      "ma.L3": 0.650931125864332,
      "ma.L4": 0.6911093499827154,
      "sigma2": 0.0001628961157893093
    },
    "pvalues": {
      "ar.L1": 9.897740349790961e-42,
      "ar.L2": 1.1203111613627205e-07,
      "ar.L3": 5.739039739058461e-37,
      "ar.L4": 6.083060593890449e-73,
      "ma.L1": 8.925702490909241e-20,
      "ma.L2": 6.123173781581799e-05,
      "ma.L3": 9.506845286073348e-33,
      "ma.L4": 6.275377803396998e-39,
      "sigma2": 0.0
    },
    "training_samples": 880,
    "residual_std": 0.16846777520211767
  },
  "evaluation": {
    "mse": 0.0007836557784757173,
    "rmse": 0.027993852512216272,
    "mae": 0.02629205629062543,
    "mape": 0.517617987417123,
    "forecast_accuracy": 0.9948238201258288,
    "directional_accuracy": 0.5
  },
  "forecast": {
    "predictions": [
      4.972451302445111,
      4.97427360799104,
      4.974578898045269,
      4.973757703408325,
      4.974520398259704
    ],
    "conf_int_lower": [
      4.948590252762554,
      4.942021389964334,
      4.934592995857781,
      4.928033072697837,
      4.924553904595263
    ],
    "conf_int_upper": [
      4.996312352127668,
      5.006525826017746,
      5.014564800232757,
      5.0194823341188135,
      5.024486891924146
    ],
    "confidence_level": 0.95,
    "steps": 5
  },
  "success": true
}