{
  "model_summary_str": "{'order': (4, 1, 4), 'aic': np.float64(-5157.16947168882), 'bic': np.float64(-5114.160407609653), 'hqic': np.float64(-5140.721110078136), 'log_likelihood': np.float64(2587.58473584441), 'params': {'ar.L1': -0.5391035639348062, 'ar.L2': 0.23739778427791985, 'ar.L3': -0.6274355110447488, 'ar.L4': -0.835016311479523, 'ma.L1': 0.4409350106014799, 'ma.L2': -0.1948088733277987, 'ma.L3': 0.650931125864332, 'ma.L4': 0.6911093499827154, 'sigma2': 0.0001628961157893093}, 'pvalues': {'ar.L1': 9.897740349790961e-42, 'ar.L2': 1.1203111613627205e-07, 'ar.L3': 5.739039739058461e-37, 'ar.L4': 6.083060593890449e-73, 'ma.L1': 8.925702490909241e-20, 'ma.L2': 6.123173781581799e-05, 'ma.L3': 9.506845286073348e-33, 'ma.L4': 6.275377803396998e-39, 'sigma2': 0.0}, 'training_samples': 880, 'residual_std': np.float64(0.16846777520211767), 'parameter_significance': {'significant_count': np.int64(8), 'total_params': 8, 'significance_ratio': np.float64(1.0), 'pvalues': {'ar.L1': 9.897740349790961e-42, 'ar.L2': 1.1203111613627205e-07, 'ar.L3': 5.739039739058461e-37, 'ar.L4': 6.083060593890449e-73, 'ma.L1': 8.925702490909241e-20, 'ma.L2': 6.123173781581799e-05, 'ma.L3': 9.506845286073348e-33, 'ma.L4': 6.275377803396998e-39}}, 'model_quality': {'quality_score': np.float64(100.0), 'quality_category': 'Excellent', 'recommendations': []}}",
  "evaluation": {
    "mse": 0.0007836557784757173,
    "rmse": 0.027993852512216272,
    "mae": 0.02629205629062543,
    "mape": 0.517617987417123,
    "forecast_accuracy": 0.9948238201258288,
    "directional_accuracy": 0.5,
    "forecast_horizon": 5,
    "test_samples": 5
  },
  "forecast": {
    "predictions": [
      4.9727782916045635,
      4.974019244825236,
      4.974554677468172,
      4.973964526665619,
      4.973964526665619
    ],
    "conf_int_lower": [
      4.949422848277402,
      4.942669661668054,
      4.935932501060332,
      4.92965745150899,
      4.92534779026139
    ],
    "conf_int_upper": [
      4.996133734931725,
      5.005368827982418,
      5.013176853876011,
      5.018271601822248,
      5.022581263069848
    ],
    "confidence_level": 0.95,
    "steps": 5
  },
  "success": true,
  "params": null
}