{
  "model_summary_str": "{'order': (2, 1, 3), 'aic': np.float64(-4201.415034581551), 'bic': np.float64(-4172.74232519544), 'hqic': np.float64(-4190.449460174428), 'log_likelihood': np.float64(2106.7075172907753), 'params': {'ar.L1': -1.5753823118001793, 'ar.L2': -0.718034648601896, 'ma.L1': 1.4957608179655206, 'ma.L2': 0.7034261231520615, 'ma.L3': 0.10237008706413561, 'sigma2': 0.0004846299030213198}, 'pvalues': {'ar.L1': 1.762244628665506e-225, 'ar.L2': 3.176620407699131e-54, 'ma.L1': 4.589802478407099e-190, 'ma.L2': 6.949916060690848e-57, 'ma.L3': 4.774955627742437e-05, 'sigma2': 0.0}, 'training_samples': 880, 'residual_std': np.float64(0.1682898822310969), 'parameter_significance': {'significant_count': np.int64(5), 'total_params': 5, 'significance_ratio': np.float64(1.0), 'pvalues': {'ar.L1': 1.762244628665506e-225, 'ar.L2': 3.176620407699131e-54, 'ma.L1': 4.589802478407099e-190, 'ma.L2': 6.949916060690848e-57, 'ma.L3': 4.774955627742437e-05}}, 'model_quality': {'quality_score': np.float64(100.0), 'quality_category': 'Excellent', 'recommendations': []}}",
  "evaluation": {
    "mse": 0.00011013971990477838,
    "rmse": 0.010494747253020359,
    "mae": 0.009448152221953877,
    "mape": 0.19001863841415698,
    "forecast_accuracy": 0.9980998136158584,
    "directional_accuracy": 0.5,
    "forecast_horizon": 5,
    "test_samples": 5
  },
  "forecast": {
    "predictions": [
      5.47872731258396,
      5.478878154101637,
      5.479191716953244,
      5.4785737906684755,
      5.4793369356412045
    ],
    "conf_int_lower": [
      5.439994038617367,
      5.426439211360266,
      5.41397292790668,
      5.402665462688565,
      5.395111764548778
    ],
    "conf_int_upper": [
      5.517460586550553,
      5.531317096843008,
      5.5444105059998074,
      5.554482118648386,
      5.563562106733631
    ],
    "confidence_level": 0.95,
    "steps": 5
  },
  "success": true,
  "params": null
}