{
  "model_summary_str": "{'order': (3, 1, 3), 'aic': np.float64(-3596.3795657512865), 'bic': np.float64(-3562.92807146749), 'hqic': np.float64(-3583.586395609643), 'log_likelihood': np.float64(1805.1897828756432), 'params': {'ar.L1': -0.7897296769316902, 'ar.L2': 0.9052790718665791, 'ar.L3': 0.8841284253967744, 'ma.L1': 0.7490935697772837, 'ma.L2': -0.9144947488750726, 'ma.L3': -0.833964377488039, 'sigma2': 0.0009628133558008143}, 'pvalues': {'ar.L1': 1.9725842523285464e-10, 'ar.L2': 3.6519337075775387e-07, 'ar.L3': 3.233713200899564e-14, 'ma.L1': 7.044358947906454e-07, 'ma.L2': 2.5197395200836198e-05, 'ma.L3': 8.086203747259867e-10, 'sigma2': 0.0}, 'training_samples': 880, 'residual_std': np.float64(0.18285605785847103), 'parameter_significance': {'significant_count': np.int64(6), 'total_params': 6, 'significance_ratio': np.float64(1.0), 'pvalues': {'ar.L1': 1.9725842523285464e-10, 'ar.L2': 3.6519337075775387e-07, 'ar.L3': 3.233713200899564e-14, 'ma.L1': 7.044358947906454e-07, 'ma.L2': 2.5197395200836198e-05, 'ma.L3': 8.086203747259867e-10}}, 'model_quality': {'quality_score': np.float64(100.0), 'quality_category': 'Excellent', 'recommendations': []}}",
  "evaluation": {
    "mse": 0.0003484123466299381,
    "rmse": 0.018665806883977402,
    "mae": 0.016558050616503193,
    "mape": 0.2915135306398981,
    "forecast_accuracy": 0.997084864693601,
    "directional_accuracy": 0.5,
    "forecast_horizon": 5,
    "test_samples": 5
  },
  "forecast": {
    "predictions": [
      6.372921996468368,
      6.372902231366759,
      6.372903121790346,
      6.372903081676504,
      6.372903083483644
    ],
    "conf_int_lower": [
      6.316926129497513,
      6.295475335666453,
      6.278741143749003,
      6.2645634150588325,
      6.2520374004552695
    ],
    "conf_int_upper": [
      6.4289178634392234,
      6.450329127067066,
      6.4670650998316885,
      6.481242748294175,
      6.4937687665120185
    ],
    "confidence_level": 0.95,
    "steps": 5
  },
  "success": true,
  "params": null
}