{
  "model_summary_str": "{'order': (2, 1, 5), 'aic': np.float64(-4308.979397390382), 'bic': np.float64(-4270.7491182089), 'hqic': np.float64(-4294.358631514218), 'log_likelihood': np.float64(2162.489698695191), 'params': {'ar.L1': -1.4311245844085416, 'ar.L2': -0.6122285637596009, 'ma.L1': 1.2575197699645144, 'ma.L2': 0.36291877243391507, 'ma.L3': -0.10098260821343907, 'ma.L4': -0.0026629530315604028, 'ma.L5': 0.06532350861651794, 'sigma2': 0.0004265804450477145}, 'pvalues': {'ar.L1': 5.2127248876625394e-21, 'ar.L2': 3.455991947265875e-06, 'ma.L1': 2.9141600801779887e-15, 'ma.L2': 0.002531608007679709, 'ma.L3': 0.03419179658983077, 'ma.L4': 0.9530534916525635, 'ma.L5': 0.06495392090604488, 'sigma2': 4.018174778377277e-181}, 'training_samples': 880, 'residual_std': np.float64(0.17242069720242023), 'parameter_significance': {'significant_count': np.int64(5), 'total_params': 7, 'significance_ratio': np.float64(0.7142857142857143), 'pvalues': {'ar.L1': 5.2127248876625394e-21, 'ar.L2': 3.455991947265875e-06, 'ma.L1': 2.9141600801779887e-15, 'ma.L2': 0.002531608007679709, 'ma.L3': 0.03419179658983077, 'ma.L4': 0.9530534916525635, 'ma.L5': 0.06495392090604488}}, 'model_quality': {'quality_score': np.float64(88.57142857142857), 'quality_category': 'Excellent', 'recommendations': []}}",
  "evaluation": {
    "mse": 0.0001628422608451002,
    "rmse": 0.012760966297467454,
    "mae": 0.010037279627168516,
    "mape": 0.17263784089485934,
    "forecast_accuracy": 0.9982736215910514,
    "directional_accuracy": 0.0,
    "forecast_horizon": 5,
    "test_samples": 5
  },
  "forecast": {
    "predictions": [
      6.043880746054591,
      6.042524959419343,
      6.042701374023159,
      6.042284121640342,
      6.0437456663576565
    ],
    "conf_int_lower": [
      6.007662619020587,
      5.994853139530315,
      5.985195543551087,
      5.976682917387174,
      5.970451199776221
    ],
    "conf_int_upper": [
      6.080098873088596,
      6.090196779308371,
      6.100207204495232,
      6.10788532589351,
      6.117040132939092
    ],
    "confidence_level": 0.95,
    "steps": 5
  },
  "success": true,
  "params": null
}