{
  "model_summary": {
    "order": [
      3,
      1,
      5
    ],
    "aic": -4318.83280324996,
    "bic": -4275.8237391707935,
    "hqic": -4302.384441639277,
    "log_likelihood": 2168.41640162498,
    "params": {
      "ar.L1": -1.22036911806182,
      "ar.L2": -0.0226710623435622,
      "ar.L3": 0.43684345270120084,
      "ma.L1": 1.0736427310893817,
      "ma.L2": -0.16329124184762867,
      "ma.L3": -0.46423659562774094,
      "ma.L4": 0.0312793399236691,
      "ma.L5": 0.05528367802893283,
      "sigma2": 0.0004226329795444678
    },
    "pvalues": {
      "ar.L1": 0.30853629473753397,
      "ar.L2": 0.9912687393600735,
      "ar.L3": 0.680211559083618,
      "ma.L1": 0.36959579219701966,
      "ma.L2": 0.9315624741077723,
      "ma.L3": 0.5444607633956416,
      "ma.L4": 0.8651072657759251,
      "ma.L5": 0.5217540340037571,
      "sigma2": 1.0764847652938995e-184
    },
    "training_samples": 880,
    "residual_std": 0.1724039246822575
  },
  "evaluation": {
    "mse": 0.00016088362917047013,
    "rmse": 0.012683991058435437,
    "mae": 0.010352368976274562,
    "mape": 0.1780397556132423,
    "forecast_accuracy": 0.9982196024438675,
    "directional_accuracy": 0.25
  },
  "forecast": {
    "predictions": [
      6.043880746054591,
      6.042524959419343,
      6.042701374023159,
      6.042284121640342,
      6.0437456663576565
    ],
    "conf_int_lower": [
      6.007662619020587,
      5.994853139530315,
      5.985195543551087,
      5.976682917387174,
      5.970451199776221
    ],
    "conf_int_upper": [
      6.080098873088596,
      6.090196779308371,
      6.100207204495232,
      6.10788532589351,
      6.117040132939092
    ],
    "confidence_level": 0.95,
    "steps": 5
  },
  "success": true
}