{
  "model_summary": {
    "order": [
      2,
      1,
      3
    ],
    "aic": -3517.3338304933986,
    "bic": -3488.6611211072877,
    "hqic": -3506.368256086276,
    "log_likelihood": 1764.6669152466993,
    "params": {
      "ar.L1": -1.7181886873805456,
      "ar.L2": -0.8728038092527876,
      "ma.L1": 1.6838122525509067,
      "ma.L2": 0.8626563059313408,
      "ma.L3": 0.02363054490339934,
      "sigma2": 0.001053379698796394
    },
    "pvalues": {
      "ar.L1": 4.562332149501787e-90,
      "ar.L2": 3.684160365872132e-24,
      "ma.L1": 2.9857543241002593e-83,
      "ma.L2": 4.357223862560814e-24,
      "ma.L3": 0.4962486423652185,
      "sigma2": 0.0
    },
    "training_samples": 880,
    "residual_std": 0.19813991302120249
  },
  "evaluation": {
    "mse": 3.909872489252839e-05,
    "rmse": 0.006252897319845289,
    "mae": 0.00522598799574876,
    "mape": 0.08577860273497483,
    "forecast_accuracy": 0.9991422139726502,
    "directional_accuracy": 0.75
  },
  "forecast": {
    "predictions": [
      6.790864146594493,
      6.790643678526075,
      6.791273336369398,
      6.791093817489407,
      6.791649830112529
    ],
    "conf_int_lower": [
      6.733268134809139,
      6.710551532470415,
      6.691905588400302,
      6.675311900401363,
      6.661091692540236
    ],
    "conf_int_upper": [
      6.848460158379847,
      6.870735824581734,
      6.890641084338493,
      6.906875734577451,
      6.922207967684823
    ],
    "confidence_level": 0.95,
    "steps": 5
  },
  "success": true
}