{
  "model_summary": {
    "order": [
      1,
      1,
      0
    ],
    "aic": -2486.1210127816867,
    "bic": -2476.563442986316,
    "hqic": -2482.465821312646,
    "log_likelihood": 1245.0605063908433,
    "params": {
      "ar.L1": -0.07022356578073304,
      "sigma2": 0.0034447206879090995
    },
    "pvalues": {
      "ar.L1": 0.06319942608704752,
      "sigma2": 0.0
    },
    "training_samples": 880,
    "residual_std": 0.19381657500223926
  },
  "evaluation": {
    "mse": 1.789052146306223e-05,
    "rmse": 0.004229718839717627,
    "mae": 0.0035614864483296317,
    "mape": 0.058873484339760834,
    "forecast_accuracy": 0.9994112651566024,
    "directional_accuracy": 0.75
  },
  "forecast": {
    "predictions": [
      4.900001640593084,
      4.900001640593084,
      4.900001640593084,
      4.900001640593084,
      4.900001640593084
    ],
    "conf_int_lower": [
      4.7374262246651915,
      4.670085281606112,
      4.6184127587182395,
      4.574850806884751,
      4.536471956898722
    ],
    "conf_int_upper": [
      5.0625770565209764,
      5.129917999580056,
      5.181590522467928,
      5.225152474301417,
      5.263531324287446
    ],
    "confidence_level": 0.95,
    "steps": 5
  },
  "success": true
}