{
  "model_summary_str": "{'order': (2, 1, 5), 'aic': np.float64(-2507.980626138373), 'bic': np.float64(-2469.7503469568915), 'hqic': np.float64(-2493.359860262209), 'log_likelihood': np.float64(1261.9903130691864), 'params': {'ar.L1': -1.2652983175724453, 'ar.L2': -0.9166785491869779, 'ma.L1': 1.2713423154823604, 'ma.L2': 0.949961083835834, 'ma.L3': 0.08097211328634896, 'ma.L4': 0.1039353094110622, 'ma.L5': 0.05884474218026096, 'sigma2': 0.0033168120618257356}, 'pvalues': {'ar.L1': 6.161391225153492e-28, 'ar.L2': 2.3181519037207593e-16, 'ma.L1': 3.040283097814767e-24, 'ma.L2': 4.315203171295397e-12, 'ma.L3': 0.23265050841700807, 'ma.L4': 0.14350657478470774, 'ma.L5': 0.20687567874073776, 'sigma2': 0.0}, 'training_samples': 880, 'residual_std': np.float64(0.1645316316716672), 'parameter_significance': {'significant_count': np.int64(4), 'total_params': 7, 'significance_ratio': np.float64(0.5714285714285714), 'pvalues': {'ar.L1': 6.161391225153492e-28, 'ar.L2': 2.3181519037207593e-16, 'ma.L1': 3.040283097814767e-24, 'ma.L2': 4.315203171295397e-12, 'ma.L3': 0.23265050841700807, 'ma.L4': 0.14350657478470774, 'ma.L5': 0.20687567874073776}}, 'model_quality': {'quality_score': np.float64(82.85714285714286), 'quality_category': 'Excellent', 'recommendations': []}}",
  "evaluation": {
    "mse": 0.002753788092667321,
    "rmse": 0.052476548025449626,
    "mae": 0.04984700797348633,
    "mape": 0.8857593470478046,
    "forecast_accuracy": 0.9911424065295219,
    "directional_accuracy": 0.75,
    "forecast_horizon": 5,
    "test_samples": 5
  },
  "forecast": {
    "predictions": [
      5.993689177732177,
      5.994110149529601,
      5.993983785080448,
      5.991480499038056,
      5.9939014145514
    ],
    "conf_int_lower": [
      5.891885890844763,
      5.849753017628185,
      5.814397519551,
      5.780831022415919,
      5.755572935176174
    ],
    "conf_int_upper": [
      6.095492464619592,
      6.1384672814310175,
      6.173570050609896,
      6.202129975660194,
      6.232229893926625
    ],
    "confidence_level": 0.95,
    "steps": 5
  },
  "success": true,
  "params": null
}