{
  "model_summary": {
    "order": [
      0,
      1,
      0
    ],
    "aic": -2019.1103494712868,
    "bic": -2014.3315645736016,
    "hqic": -2017.2827537367664,
    "log_likelihood": 1010.5551747356434,
    "params": {
      "sigma2": 0.0058734562661796755
    },
    "pvalues": {
      "sigma2": 0.0
    },
    "training_samples": 880,
    "residual_std": 0.21834237650545127
  },
  "evaluation": {
    "mse": 0.003271627279957634,
    "rmse": 0.05719814052884616,
    "mae": 0.05489023569052627,
    "mape": 0.9754742264820726,
    "forecast_accuracy": 0.9902452577351792,
    "directional_accuracy": 0.75
  },
  "forecast": {
    "predictions": [
      6.001018759912793,
      6.001018759912793,
      6.001018759912793,
      6.001018759912793,
      6.001018759912793
    ],
    "conf_int_lower": [
      5.86943109701801,
      5.814925702310053,
      5.773102241973083,
      5.737843433919668,
      5.706779800436973
    ],
    "conf_int_upper": [
      6.1326064228075765,
      6.187111817515533,
      6.228935277852504,
      6.264194085905919,
      6.295257719388614
    ],
    "confidence_level": 0.95,
    "steps": 5
  },
  "success": true
}